UPC|SKU
726959908944|3
83832175412|4
W0010077550|4
W0010077555|4
19962679018|4
19962678912|4
W0010077559|4
19962679315|4
851653005283|5
W0010036865|5
721059167505|6
W00530175512|6
W00477760173|6
811538017237|6
95301132499|8
W0026078548|8
720815910539|9
W00477811453|9
W00400340022|9
72600033498|11
72600000858|11
5200120483751|12
HELLEN483751|12
4000136|13
82000782384|14
W00030276382|15
790586001514|15
8678520250|16
86785250250|16
W00410187253|16
86785180137|17
W0041032163|17
8678530981|18
86785350981|18
W000473398|19
852480004111|19
W00026L23180|20
643657812017|20
10736040538476|21
4000211|21
W00516ZR100|21
736040540304|21
8033116405676|21
4000228|22
W0012028439-13|22
W0012028439-14|22
17224120100|22
4000235|23
W00120410362|23
4000242|24
W00120410363|24
4000259|25
W00120210020|25
4000266|26
W0025027713|26
W00130942359|26
720815160330|26
4000280|28
W00130963698|28
W00410227587|28
W0040015416|30
80480006198|30
W0040014662|31
80480006167|31
W0040015436|32
80480006150|32
W0040015443|33
80480005399|33
W00538128065|34
892032050012|34
W00538704593|35
632070100245|35
859302006315|36
W001269920500|36
W00536404733|37
15917029037|37
858674005223|38
G00282FULS22|38
W00319FULS22|38
W00319100660|38
858674005063|39
G00282FUPB46|39
W00319FUPB46|39
859775001305|40
84279995595|41
80516650326|44
80516650425|45
80516650524|46
80516651026|47
89744327604|48
80516655345|49
31259013909|50
88320001228|51
80516135427|52
80516135229|53
80516113722|54
80516135106|55
663194000555|57
8553407|58
8553504|59
W00265113441|59
4000600|60
W005167292PK|60
8032636133755|60
4000617|61
W005167292PQ|61
4000624|62
W005167292PO|62
W001357848|63
600280010050|63
600280010067|63
W001357850|63
761666000581|64
8555201|65
8554309|66
8553902|67
8553708|68
8554105|69
732048003414|70
77490001077|71
4799500082|72
W00315955056|72
W00315268086|72
77490817012|74
41800704361|75
812650020006|76
W00471905753|76
89121880029|77
85000011379|78
85000022733|79
83804047211|81
83804077768|82
83804047150|83
83089570350|84
W0013519839|84
80480282059|84
W0040019839|84
641185000630|87
83089570107|88
W0013519833|88
80480282035|88
W00400F331|88
83089570008|89
W0013519836|89
W0013519837|89
W0013519849|89
80480282097|89
80480282042|89
W00400A333|89
W00400903112|89
W0040019836|89
W0040019833|89
W0040019896|89
W0040019836|89
4000907|90
83089570176|90
W0013519830|90
W0013519831|90
80480282028|90
W0040019831|90
83664866328|91
W00477406417|91
W00538135227|91
641185000531|92
15643257896|93
38075207307|95
38075206300|96
38075205303|97
8008863024029|99
